<?xml version="1.0" encoding="utf-8"?>
<odoo>
    <data noupdate="1">

        <record id="group_coupon_user" model="res.groups">
            <field name="name">Manage Coupon User</field>
            <field name="category_id" ref="base.module_category_hidden"/>
        </record>
        <record id="group_coupon_supervisor" model="res.groups">
            <field name="name">Manage Coupon Supervisor</field>
            <field name="category_id" ref="base.module_category_hidden"/>
        </record>
        <record id="group_coupon_manager" model="res.groups">
            <field name="name">Manage Coupon Manager</field>
            <field name="category_id" ref="base.module_category_hidden"/>
        </record>
        <record id="group_dealer_and_franchise" model="res.groups">
            <field name="name">Dealer and Franchise</field>
            <field name="category_id" ref="base.module_category_hidden"/>
        </record>
        <record id="group_tr_officer" model="res.groups">
            <field name="name">TR Team</field>
            <field name="category_id" ref="base.module_category_hidden"/>
        </record>
    </data>
</odoo>
