<?xml version="1.0" encoding="utf-8"?>
<templates id="template" inherit_id="point_of_sale.template">

    <t t-extend="ClientListScreenWidget">
        <t t-jquery='.window' t-operation="attributes">
            <attribute name="style">overflow-y:scroll;</attribute>
        </t>
    </t>

    <t name="Client_Details" t-extend="ClientDetailsEdit">
        <t t-jquery=".client-details" t-operation="replace">
            <section class='client-details edit'>
                <div class='client-picture'>
                    <t t-if='!partner.id'>
                        <i class='fa fa-camera'></i>
                    </t>
                    <t t-if='partner.id'>
                        <img t-att-src='widget.partner_icon_url(partner.id)'/>
                    </t>
                    <input type='file' class='image-uploader'></input>
                </div>
                <input class='detail client-name' name='name' t-att-value='partner.name' placeholder='Name'></input>
                <span>
                    <input class='detail client-name' name='last_name' t-att-value='partner.last_name || ""'
                           placeholder='Last Name'></input>
                </span>
                <div class='edit-buttons'>
                    <div class='button undo'>
                        <i class='fa fa-undo'/>
                    </div>
                    <div class='button save'>
                        <i class='fa fa-floppy-o'/>
                    </div>
                </div>
                <div class='client-details-box clearfix'>
                    <div class='client-details-left'>
                        <div class='client-detail'>
                            <span class='label'>Street</span>
                            <input class='detail client-address-street' name='street' t-att-value='partner.street || ""'
                                   placeholder='Street'></input>
                        </div>
                        <div class='client-detail'>
                            <span class='label'>City</span>
                            <input class='detail client-address-city' name='city' t-att-value='partner.city || ""'
                                   placeholder='City'></input>
                        </div>
                        <div class='client-detail'>
                            <span class='label'>Postcode</span>
                            <input class='detail client-address-zip' name='zip' t-att-value='partner.zip || ""'
                                   placeholder='ZIP'></input>
                        </div>
                        <div class='client-detail'>
                            <span class='label'>Country</span>
                            <select class='detail client-address-country needsclick' name='country_id'>
                                <option value=''>None</option>
                                <t t-foreach='widget.pos.countries' t-as='country'>
                                    <option t-att-value='country.id'
                                            t-att-selected="partner.country_id ? ((country.id === partner.country_id[0]) ? true : undefined) : undefined">
                                        <t t-esc='country.name'/>
                                    </option>
                                </t>
                            </select>
                        </div>
                        <div class='client-detail'>
                            <span class='label'>Gender</span>
                            <select class='detail client-gender needsclick' name='gender'
                                    t-att-value='partner.gender || ""'>
                                <option value=''>None</option>
                                <option value='male'
                                        t-att-selected="partner.gender ? (('male' === partner.gender) ? true : undefined) : undefined">
                                    Male
                                </option>
                                <option value='female'
                                        t-att-selected="partner.gender ? (('female' === partner.gender) ? true : undefined) : undefined">
                                    Female
                                </option>
                            </select>
                        </div>
                        <div class='client-detail'>
                            <span class='label'>Birth Date</span>
                            <input class='detail client-birth_date' name='birth_date' type="date"
                                   t-att-value='partner.birth_date || ""'
                            ></input>
                        </div>


                    </div>
                    <div class='client-details-right'>
                        <div class='client-detail'>
                            <span class='label'>Email</span>
                            <input class='detail client-email' name='email' type='email'
                                   t-att-value='partner.email || ""'></input>
                        </div>
                        <div class='client-detail'>
                            <span class='label'>Line ID</span>
                            <input class='detail client-line_id' name='line_id'
                                   t-att-value='partner.line_id || ""'></input>
                        </div>
                        <div class='client-detail'>
                            <span class='label'>Phone</span>
                            <input class='detail client-phone' name='phone' type='tel'
                                   t-att-value='partner.phone || ""'></input>
                        </div>
                        <div class='client-detail'>
                            <span class='label'>Mobile</span>
                            <input class='detail client-mobile' name='mobile' type='tel'
                                   t-att-value='partner.mobile || ""'></input>
                        </div>
                        <div class='client-detail'>
                            <span class='label'>Barcode</span>
                            <input class='detail barcode' name='barcode' t-att-value='partner.barcode || ""'></input>
                        </div>
                        <div class='client-detail'>
                            <span class='label'>Tax ID</span>
                            <input class='detail vat' name='vat' t-att-value='partner.vat || ""'></input>
                        </div>
                        <div t-attf-class='client-detail #{widget.pos.pricelists.length &lt;= 1 ? "oe_hidden" : ""}'>
                            <span class='label'>Pricelist</span>
                            <select class='detail needsclick' name='property_product_pricelist'>
                                <t t-foreach='widget.pos.pricelists' t-as='pricelist'>
                                    <option t-att-value='pricelist.id'
                                            t-att-selected="partner.property_product_pricelist ? (pricelist.id === partner.property_product_pricelist[0] ? true : undefined) : undefined">
                                        <t t-esc='pricelist.display_name'/>
                                    </option>
                                </t>
                            </select>
                        </div>
                        <div class='client-detail'>
                            <span class='label' style="font-size:13px;">Is A Member</span>
                            <select class='detail client-member needsclick' name='is_a_member'
                                    t-att-value='partner.is_a_member || ""'>
                                <option value=''
                                        t-att-selected="partner.is_a_member">
                                    No
                                </option>
                                <option value='true'
                                        t-att-selected="partner.is_a_member">
                                    Yes
                                </option>

                            </select>
                        </div>


                    </div>
<!--                    <t t-if='partner.is_a_member'>-->
<!--                        <h1 class='client-details-left' style="font-size:25px; margin-left:100px;">Membership</h1>-->
<!--                        <div class='client-details-left'>-->
<!--                            <div class='client-detail'>-->
<!--                                <span class='label'>ID</span>-->
<!--                                <input class='detail member' name='member'-->
<!--                                       t-att-value='partner.member || ""'></input>-->
<!--                            </div>-->
<!--                            <div class='client-detail'>-->
<!--                                <div class='label'>Number</div>-->
<!--                                <input class='detail member_number' name='member_number'-->
<!--                                       t-att-value='partner.member_number || ""'></input>-->
<!--                            </div>-->
<!--                            <h1 class='client-details-left oe_inline client-label-partner-name' style="font-size:20px; margin-left:100px;">Plate Number-->
<!--                                <div class='client-detail' style="font-size:13px !important;">-->
<!--                                    <table class="client-detail-partner-name edit">-->
<!--                                        <input type="hidden" class='detail client-car-detail-input' name='car_ids'/>-->
<!--                                        <t t-if="partner.car_ids.length > 0">-->
<!--                                            <t t-foreach='partner.car_ids' t-as='car_id'>-->
<!--                                                <tr class="client-line-detail" t-att-data-id="car_id">-->
<!--                                                    <td>-->
<!--                                                        <input class="client-car-detail" t-att-value="widget.pos.get_car_detail_by_id[car_id].name"/>-->
<!--                                                    </td>-->
<!--                                                    <td class="delete"><i class="fa fa-trash"></i></td>-->
<!--                                                </tr>-->
<!--                                            </t>-->
<!--                                        </t>-->
<!--                                        <t t-else="">-->
<!--                                            <tr class="client-line-detail">-->
<!--                                                <td>-->
<!--                                                    <input class="client-car-detail"/>-->
<!--                                                </td>-->
<!--                                                <td class="delete"><i class="fa fa-trash"></i></td>-->
<!--                                            </tr>-->
<!--                                        </t>-->
<!--                                        <tr class="client-line">-->
<!--                                            <td><span class="add_plate_number"><i class="fa fa-plus"></i> Add Line</span></td>-->
<!--                                            <td></td>-->
<!--                                        </tr>-->
<!--                                    </table>-->
<!--                                </div>-->
<!--                            </h1>-->


<!--                        </div>-->
<!--                        <div class='client-details-right'>-->
<!--                            <div class='client-detail'>-->
<!--                                <div class='label'>Date</div>-->
<!--                                <input class='detail member_date' name='member_date' type="date"-->
<!--                                       t-att-value='partner.member_date || ""'-->
<!--                                ></input>-->
<!--                            </div>-->
<!--                            <div class='client-detail'>-->
<!--                                <span class='label' style="font-size:13px;">Base Branch</span>-->
<!--                                <select class='detail client-base_branch_id needsclick' name='base_branch_id'>-->
<!--                                    <option value=''>None</option>-->
<!--                                    <t t-foreach='widget.pos.branches' t-as='branch'>-->
<!--                                        <option t-att-value='branch.id'-->
<!--                                                t-att-selected="partner.base_branch_id ? ((branch.id === partner.base_branch_id[0]) ? true : undefined) : undefined">-->
<!--                                            <t t-esc='branch.name'/>-->
<!--                                        </option>-->
<!--                                    </t>-->
<!--                                </select>-->
<!--                            </div>-->
<!--                        </div>-->
<!--                    </t>-->

                </div>
            </section>
        </t>
    </t>

    <t name="ClientDetails" t-extend="ClientDetails">
        <t t-jquery=".client-details" t-operation="replace">
            <section class='client-details'>
                <div class='client-picture'>
                    <img t-att-src='widget.partner_icon_url(partner.id)'/>
                </div>
                <div class='client-name'>
                    <t t-esc='partner.name'/>
                    <t t-if='!(partner.last_name == "")'>
                        <span>
                            <t t-esc='partner.last_name'/>
                        </span>
                    </t>
                </div>
                <div class='edit-buttons'>
                    <div class='button edit'>
                        <i class='fa fa-pencil-square'/>
                    </div>
                </div>
                <div class='client-details-box clearfix'>
                    <div class='client-details-left'>
                        <div class='client-detail'>
                            <span class='label'>Address</span>
                            <t t-if='partner.address'>
                                <span class='detail client-address'>
                                    <t t-esc='partner.address'/>
                                </span>
                            </t>
                            <t t-if='!partner.address'>
                                <span class='detail client-address empty'>N/A</span>
                            </t>
                        </div>
                        <div class='client-detail'>
                            <span class='label'>Email</span>
                            <t t-if='partner.email'>
                                <span class='detail client-email'>
                                    <t t-esc='partner.email'/>
                                </span>
                            </t>
                            <t t-if='!partner.email'>
                                <span class='detail client-email empty'>N/A</span>
                            </t>
                        </div>

                        <div class='client-detail'>
                            <span class='label'>Phone</span>
                            <t t-if='partner.phone'>
                                <span class='detail client-phone'>
                                    <t t-esc='partner.phone'/>
                                </span>
                            </t>
                            <t t-if='!partner.phone'>
                                <span class='detail client-phone empty'>N/A</span>
                            </t>
                        </div>
                        <div class='client-detail'>
                            <span class='label'>Mobile</span>
                            <t t-if='partner.mobile'>
                                <span class='detail client-mobile'>
                                    <t t-esc='partner.mobile'/>
                                </span>
                            </t>
                            <t t-if='!partner.mobile'>
                                <span class='detail client-mobile empty'>N/A</span>
                            </t>
                        </div>
                        <div class='client-detail'>
                            <span class='label'>Gender</span>
                            <t t-if='partner.gender'>
                                <span class='detail client-gender'>
                                    <t t-set="gender" t-value="partner.gender"></t>
                                    <t t-if='gender == "male"'>
                                        <span class='detail client-gender'>Male</span>
                                    </t>
                                    <t t-if='gender == "female"'>
                                        <span class='detail client-gender'>Female</span>
                                    </t>
                                </span>
                            </t>
                            <t t-if='!partner.gender'>
                                <span class='detail client-gender empty'>N/A</span>
                            </t>
                        </div>

                    </div>
                    <div class='client-details-right'>
                        <div class='client-detail'>
                            <span class='label'>Line ID</span>
                            <t t-if='partner.line_id'>
                                <span class='detail client-line_id'>
                                    <t t-esc='partner.line_id'/>
                                </span>
                            </t>
                            <t t-if='!partner.line_id'>
                                <span class='detail line_id empty'>N/A</span>
                            </t>
                        </div>
                        <div class='client-detail'>
                            <span class='label'>Barcode</span>
                            <t t-if='partner.barcode'>
                                <span class='detail client-id'>
                                    <t t-esc='partner.barcode'/>
                                </span>
                            </t>
                            <t t-if='!partner.barcode'>
                                <span class='detail client-id empty'>N/A</span>
                            </t>
                        </div>
                        <div class='client-detail'>
                            <span class='label'>Tax ID</span>
                            <t t-if='partner.vat'>
                                <span class='detail vat'>
                                    <t t-esc='partner.vat'/>
                                </span>
                            </t>
                            <t t-if='!partner.vat'>
                                <span class='detail vat empty'>N/A</span>
                            </t>
                        </div>

                        <div t-attf-class='client-detail #{widget.pos.pricelists.length &lt;= 1 ? "oe_hidden" : ""}'>
                            <span class='label'>Pricelist</span>
                            <t t-if='partner.property_product_pricelist'>
                                <span class='detail property_product_pricelist'>
                                    <t t-esc='partner.property_product_pricelist[1]'/>
                                </span>
                            </t>
                            <t t-if='!partner.property_product_pricelist'>
                                <span class='detail property_product_pricelist empty'>N/A</span>
                            </t>
                        </div>
                        <div class='client-detail'>
                            <span class='label' style="font-size:13px;">Is A Member</span>
                            <t t-if='partner.is_a_member'>
                                <span class='detail client-member'>
                                    <span class='detail client-member'>Yes</span>
                                </span>
                            </t>
                            <t t-if='!partner.is_a_member'>
                                <span class='detail client-member empty'>No</span>
                            </t>
                        </div>
                    </div>
<!--                    <t t-if='partner.is_a_member'>-->
<!--                        <h1 class='client-details-left oe_inline' style="font-size:25px; margin-left:100px;">Membership-->
<!--                            <t t-set="colour" t-value='partner.membership_type_color'/>-->

<!--                            <span t-att-style="'background-color:' +  colour +';'+ 'border-radius:10%;'+'margin-left:20px !important;'+'padding-left:8px !important;'">-->
<!--                                <t t-if="colour == '#000000'">-->
<!--                                    <span style="font-size:20px !important; color: white !important;">-->
<!--                                        <t t-esc='partner.membership_type_id[1]' class="oe_inline"/>-->
<!--                                    </span>-->
<!--                                </t>-->
<!--                                <t t-else="">-->
<!--                                    <span style="font-size:20px !important; color: black !important;">-->
<!--                                        <t t-esc='partner.membership_type_id[1]' class="oe_inline"/>-->
<!--                                    </span>-->
<!--                                </t>-->
<!--                            </span>-->
<!--                            <span style="margin-left:20px !important; font-size:21px;">-->
<!--                                <span style="margin-left:5px;  font-weight:bold; color:#7A7A7A;">-->
<!--                                    <i class="fa fa-ticket"></i>-->
<!--                                </span>-->
<!--                                <t t-esc='partner.available_coupon_count' class="oe_inline" style="margin-left:5px;"/>-->
<!--                            </span>-->
<!--                            <span style="margin-left:20px !important; font-size:21px;">-->
<!--                                <t t-esc='partner.stars' class="oe_inline"/>-->
<!--                                <span style="margin-left:5px;  font-weight:bold; color:#ffd700;">-->
<!--                                    <i class="fa fa-star"></i>-->
<!--                                </span>-->
<!--                            </span>-->
<!--                            <span style="margin-left:20px !important; font-size:21px;">-->
<!--                                <t t-esc='partner.points' class="oe_inline"/>-->
<!--                                <span style="margin-left:5px; font-weight:bold; color:#7A7A7A;">-->
<!--                                    <i class="fa fa-database"></i>-->
<!--                                </span>-->
<!--                            </span>-->


<!--                        </h1>-->

<!--                        <div class='client-details-left'>-->
<!--                            <div class='client-detail'>-->
<!--                                <span class='label'>ID</span>-->
<!--                                <t t-if='partner.member'>-->
<!--                                    <span class='detail client-member'>-->
<!--                                        <t t-esc='partner.member'/>-->
<!--                                    </span>-->
<!--                                </t>-->
<!--                                <t t-if='!partner.member'>-->
<!--                                    <span class='detail client-member empty'>N/A</span>-->
<!--                                </t>-->
<!--                            </div>-->

<!--                            <div class='client-detail'>-->
<!--                                <span class='label'>Number</span>-->
<!--                                <t t-if='partner.member_number'>-->
<!--                                    <span class='detail client-member_number'>-->
<!--                                        <t t-esc='partner.member_number'/>-->
<!--                                    </span>-->
<!--                                </t>-->
<!--                                <t t-if='!partner.member_number'>-->
<!--                                    <span class='detail client-member_number empty'>N/A</span>-->
<!--                                </t>-->
<!--                            </div>-->
<!--                            <h1 class='client-details-left oe_inline client-label-partner-name' style="font-size:20px; margin-left:100px;">Plate Number-->
<!--                                <div class='client-detail' style="font-size:13px !important; margin-left:50px !important;">-->
<!--                                    <table class="client-detail-partner-name">-->
<!--                                        <t t-foreach='partner.car_ids' t-as='car_id'>-->
<!--                                            <tr class="client-line">-->
<!--                                                <td><t t-esc="widget.pos.get_car_detail_by_id[car_id].name"/></td>-->
<!--                                            </tr>-->
<!--                                        </t>-->
<!--                                    </table>-->
<!--                                </div>-->
<!--                            </h1>-->
<!--                        </div>-->
<!--                        <div class='client-details-right'>-->
<!--                            <div class='client-detail'>-->
<!--                                <span class='label'>Date</span>-->
<!--                                <t t-if='partner.member_date'>-->
<!--                                    <span class='detail client-member_date'>-->
<!--                                        <t t-esc='partner.member_date'/>-->
<!--                                    </span>-->
<!--                                </t>-->
<!--                                <t t-if='!partner.member_date'>-->
<!--                                    <span class='detail member_date empty'>N/A</span>-->
<!--                                </t>-->
<!--                            </div>-->
<!--                            <div class='client-detail'>-->
<!--                                <span class='label' style="font-size:13px;">Base Branch</span>-->
<!--                                <t t-if='partner.base_branch_id'>-->
<!--                                    <span class='detail client-base_branch_id'>-->
<!--                                        <t t-esc='partner.base_branch_id[1]'/>-->
<!--                                    </span>-->
<!--                                </t>-->
<!--                                <t t-if='!partner.base_branch_id'>-->
<!--                                    <span class='detail base_branch_id empty'>N/A</span>-->
<!--                                </t>-->
<!--                            </div>-->
<!--                        </div>-->
<!--                    </t>-->

                </div>
            </section>

        </t>
    </t>

    <t name="Client_List_Screen_Widget" t-extend="ClientListScreenWidget">
        <t t-jquery='.client-list thead tr' t-operation='append'>
                        <th>Mobile</th>
        </t>
    </t>



	<t t-extend='ClientLine'>
		<t t-jquery='.client-line' t-operation='append'>
			<td><t t-esc='partner.mobile or ""' /></td>
		</t>
	</t>

</templates>


